"","GEOID","NAME","total_popE","total_popM","incomeE","incomeM","whiteE","whiteM","blackE","blackM","nativeE","nativeM","asianE","asianM","PIE","PIM","HispE","HispM","summary_est","summary_moe","geometry","Wpercent","Bpercent","Npercent","Apercent","PIpercent","Hpercent"
"1","31109001200","Census Tract 12; Lancaster County; Nebraska",6593,1118,78947,9466,5704,1115,104,99,0,15,205,161,0,15,206,133,6593,1118,list(c(-96.641082, -96.635267, -96.634209, -96.633122, -96.630457, -96.630448, -96.624992, -96.621295, -96.615457, -96.605949, -96.606034, -96.606088, -96.616076, -96.625146, -96.630545, -96.641825, -96.641082, 40.816622, 40.820657, 40.821327, 40.824411, 40.827, 40.827933, 40.827898, 40.827921, 40.827958, 40.828009, 40.820713, 40.813496, 40.813442, 40.813393, 40.813421, 40.813475, 40.816622)),86.5160018201122,1.57743060822084,0,3.10935841043531,0,3.12452601243743
"2","31109002300","Census Tract 23; Lancaster County; Nebraska",5412,749,66995,10460,4337,599,75,120,26,34,187,151,26,46,480,334,5412,749,list(c(-96.696745, -96.696654, -96.692364, -96.691778, -96.689279, -96.682491, -96.682352, -96.677802, -96.67661, -96.676847, -96.674492, -96.67414, -96.682402, -96.682537, -96.687224, -96.687262, -96.687396, -96.687403, -96.691667, -96.692058, -96.696827, -96.696745, 40.791757, 40.799135, 40.79913, 40.798989, 40.798962, 40.798943, 40.798943, 40.79898, 40.798853, 40.796601, 40.795296, 40.791673, 40.791686, 40.791716, 40.79173, 40.788069, 40.785349, 40.784443, 40.784455, 40.784456, 40.78447, 40.791757
)),80.1367331855137,1.38580931263858,0.480413895048041,3.45528455284553,0.480413895048041,8.86917960088692
"3","31109003801","Census Tract 38.01; Lancaster County; Nebraska",4696,497,79347,12180,4251,529,34,53,37,47,37,30,0,10,163,138,4696,497,list(c(-96.625139, -96.62514, -96.615492, -96.606101, -96.606066, -96.606066, -96.605666, -96.606008, -96.61193, -96.618633, -96.624995, -96.62515, -96.625139, 40.791551, 40.798779, 40.799006, 40.798831, 40.791509, 40.791291, 40.784231, 40.784233, 40.78425, 40.784268, 40.784285, 40.784285, 40.791551)),90.5238500851789,0.724020442930153,0.787904599659284,0.787904599659284,0,3.47103918228279
"4","31109003802","Census Tract 38.02; Lancaster County; Nebraska",3297,477,89451,6592,2983,494,46,77,43,55,0,10,0,10,138,88,3297,477,list(c(-96.625146, -96.616076, -96.606088, -96.605931, -96.606101, -96.615492, -96.62514, -96.625206, -96.625146, 40.813393, 40.813442, 40.813496, 40.808122, 40.798831, 40.799006, 40.798779, 40.806093, 40.813393)),90.4761904761905,1.39520776463452,1.30421595389748,0,0,4.18562329390355
"5","31109000201","Census Tract 2.01; Lancaster County; Nebraska",4597,497,67587,9261,3975,514,74,118,0,10,41,68,0,10,204,215,4597,497,list(c(-96.644132, -96.644131, -96.644128, -96.644122, -96.644122, -96.639914, -96.635802, -96.634426, -96.631716, -96.630416, -96.624872, -96.624873, -96.624873, -96.624912, -96.630396, -96.630432, -96.644134, -96.644132, 40.84128, 40.842564, 40.8462, 40.851266, 40.851489, 40.851762, 40.851762, 40.851762, 40.853847, 40.851761, 40.85176, 40.851498, 40.851267, 40.842452, 40.842493, 40.835202, 40.835286, 40.84128)),86.4694365890798,1.60974548618664,0,0.891886012616924,0,4.43767674570372
"6","31109000800","Census Tract 8; Lancaster County; Nebraska",3882,589,49280,7689,1999,518,610,313,6,11,343,248,8,31,750,241,3882,589,list(c(-96.682396, -96.682391, -96.68239, -96.682376, -96.682335, -96.678419, -96.677705, -96.672851, -96.670208, -96.670203, -96.668881, -96.668872, -96.670192, -96.669481, -96.672782, -96.680277, -96.682406, -96.682396, 40.815759, 40.816861, 40.817094, 40.820704, 40.823517, 40.823451, 40.823472, 40.823034, 40.823109, 40.820786, 40.820789, 40.815531, 40.814515, 40.813542, 40.813537, 40.813528, 40.813583, 40.815759)),51.4940752189593,15.7135497166409,0.154559505409583,8.83565172591448,0.20607934054611,19.3199381761978
"7","31109003601","Census Tract 36.01; Lancaster County; Nebraska",1166,83,NA,NA,553,89,369,75,20,17,5,10,0,10,149,44,1166,83,list(c(-96.7048, -96.704557, -96.704968, -96.703841, -96.701542, -96.701491, -96.707247, -96.7048, 40.771888, 40.772684, 40.774468, 40.773178, 40.771511, 40.767671, 40.768389, 40.771888)),47.4271012006861,31.6466552315609,1.71526586620926,0.428816466552316,0,12.778730703259
"8","31109001003","Census Tract 10.03; Lancaster County; Nebraska",3995,514,62594,9442,3024,574,133,188,12,16,453,229,0,10,111,91,3995,514,list(c(-96.653725, -96.644136, -96.643933, -96.630448, -96.630457, -96.633122, -96.634209, -96.635267, -96.644145, -96.646534, -96.653663, -96.653663, -96.653725, 40.827957, 40.828019, 40.828018, 40.827933, 40.827, 40.824411, 40.821327, 40.820657, 40.820707, 40.820711, 40.820699, 40.820804, 40.827957)),75.6946182728411,3.32916145181477,0.300375469336671,11.3391739674593,0,2.77847309136421
"9","31109003607","Census Tract 36.07; Lancaster County; Nebraska",4772,473,93750,15928,3605,476,186,158,0,10,562,224,0,10,222,125,4772,473,list(c(-96.701544, -96.690582, -96.688005, -96.687218, -96.682528, -96.682525, -96.682522, -96.682519, -96.697987, -96.698326, -96.701508, -96.701532, -96.701544, 40.738504, 40.738585, 40.739455, 40.73956, 40.739568, 40.734673, 40.730331, 40.726403, 40.726529, 40.726651, 40.728138, 40.733757, 40.738504)),75.544844928751,3.89773679798826,0,11.7770326906957,0,4.65213746856664
"10","31109003723","Census Tract 37.23; Lancaster County; Nebraska",4033,1054,103571,4714,3584,1056,54,63,13,16,92,97,0,10,159,150,4033,1054,list(c(-96.644347, -96.644346, -96.644371, -96.644226, -96.637154, -96.628785, -96.625272, -96.625272, -96.625279, -96.625284, -96.625292, -96.639403, -96.640513, -96.644251, -96.644385, -96.644347, 40.762936, 40.766113, 40.769725, 40.76974, 40.769711, 40.769746, 40.769693, 40.769612, 40.761234, 40.758792, 40.755264, 40.755144, 40.754436, 40.75632, 40.756362, 40.762936)),88.866848499876,1.33895363253161,0.322340689313166,2.28118026283164,0,3.94247458467642
"11","31109001101","Census Tract 11.01; Lancaster County; Nebraska",4619,410,95601,14434,3838,397,28,32,0,10,0,10,0,10,571,246,4619,410,list(c(-96.630396, -96.624912, -96.624873, -96.624873, -96.61889, -96.605793, -96.605912, -96.605933, -96.619012, -96.620719, -96.630384, -96.630432, -96.630396, 40.842493, 40.842452, 40.851267, 40.851498, 40.8514, 40.851578, 40.8426, 40.835308, 40.835212, 40.8352, 40.835202, 40.835202, 40.842493)),83.0915782636934,0.606191816410478,0,0,0,12.361983113228
"12","31109002002","Census Tract 20.02; Lancaster County; Nebraska",2843,408,33517,4282,1635,348,285,184,0,10,34,39,0,10,729,266,2843,408,list(c(-96.708541, -96.708514, -96.708502, -96.707024, -96.702627, -96.702565, -96.702589, -96.702604, -96.702635, -96.7071, -96.708581, -96.708541, 40.803666, 40.806956, 40.809212, 40.809208, 40.809198, 40.809198, 40.805846, 40.803646, 40.799198, 40.799214, 40.79922, 40.803666)),57.5096728807598,10.0246218782976,0,1.19591980302497,0,25.6419275413296
"13","31109002001","Census Tract 20.01; Lancaster County; Nebraska",2467,301,32721,6304,1460,251,162,76,14,18,88,75,0,10,641,232,2467,301,list(c(-96.702604, -96.702589, -96.702565, -96.696769, -96.696788, -96.696805, -96.69684, -96.701399, -96.702635, -96.702604, 40.803646, 40.805846, 40.809198, 40.809176, 40.805821, 40.803629, 40.799179, 40.799194, 40.799198, 40.803646)),59.1811917308472,6.56668017835428,0.567490879610863,3.56708552898257,0,25.9829752736117
"14","31109003002","Census Tract 30.02; Lancaster County; Nebraska",3279,423,47383,9237,2134,435,287,189,20,30,177,192,0,10,304,189,3279,423,list(c(-96.713168, -96.710676, -96.707933, -96.701075, -96.701104, -96.701106, -96.701146, -96.701212, -96.701313, -96.70773, -96.712165, -96.71214, -96.712081, -96.712241, -96.713168, 40.855151, 40.855711, 40.857305, 40.857282, 40.850585, 40.850173, 40.847429, 40.842892, 40.83413, 40.831701, 40.828701, 40.833683, 40.842967, 40.850757, 40.855151)),65.0808173223544,8.75266849649283,0.609942055504727,5.39798719121683,0,9.27111924367185
"15","31109003716","Census Tract 37.16; Lancaster County; Nebraska",5115,661,106285,10295,4277,664,47,40,10,14,177,119,0,15,278,160,5115,661,list(c(-96.682528, -96.677378, -96.673746, -96.663422, -96.663428, -96.663428, -96.663444, -96.672972, -96.682519, -96.682522, -96.682525, -96.682528, 40.739568, 40.740827, 40.740884, 40.740815, 40.732964, 40.732911, 40.726317, 40.726559, 40.726403, 40.730331, 40.734673, 40.739568)),83.6168132942327,0.918866080156403,0.195503421309873,3.46041055718475,0,5.43499511241447
"16","31109001102","Census Tract 11.02; Lancaster County; Nebraska",3314,500,77708,9002,2758,441,108,124,0,10,101,81,0,10,105,84,3314,500,list(c(-96.630412, -96.630384, -96.620719, -96.619012, -96.605933, -96.605949, -96.615457, -96.621295, -96.624992, -96.630448, -96.630412, 40.832104, 40.835202, 40.8352, 40.835212, 40.835308, 40.828009, 40.827958, 40.827921, 40.827898, 40.827933, 40.832104)),83.2226916113458,3.25890162945081,0,3.04767652383826,0,3.16837658418829
"17","31109003301","Census Tract 33.01; Lancaster County; Nebraska",3877,425,54537,5746,3376,425,14,21,0,10,175,145,17,28,219,126,3877,425,list(c(-96.756483, -96.754939, -96.754466, -96.752999, -96.745845, -96.744768, -96.737459, -96.73197, -96.730462, -96.720401, -96.71214, -96.712165, -96.716597, -96.717561, -96.718173, -96.722808, -96.723116, -96.733089, -96.733667, -96.733859, -96.735648, -96.753283, -96.753726, -96.755126, -96.756483, 40.817626, 40.818794, 40.819316, 40.821416, 40.83182, 40.831195, 40.830079, 40.829674, 40.829793, 40.831928, 40.833683, 40.828701, 40.825907, 40.824535, 40.821258, 40.816785, 40.813711, 40.813774, 
40.813079, 40.812916, 40.811798, 40.809953, 40.810608, 40.813822, 40.817626)),87.0776373484653,0.361103946350271,0,4.51379932937839,0.438483363425329,5.64869744647924
"18","31109001002","Census Tract 10.02; Lancaster County; Nebraska",1910,308,48620,10177,1350,261,150,178,0,10,146,134,0,10,129,74,1910,308,list(c(-96.653663, -96.646534, -96.644145, -96.635267, -96.641082, -96.641825, -96.648828, -96.653628, -96.653663, 40.820699, 40.820711, 40.820707, 40.820657, 40.816622, 40.813475, 40.81351, 40.813528, 40.820699)),70.6806282722513,7.85340314136126,0,7.64397905759162,0,6.75392670157068
"19","31109003713","Census Tract 37.13; Lancaster County; Nebraska",2725,239,108824,11592,2438,271,36,36,0,10,164,113,0,10,75,68,2725,239,list(c(-96.639403, -96.625292, -96.616339, -96.612538, -96.606104, -96.606119, -96.606076, -96.60655, -96.61777, -96.640513, -96.639403, 40.755144, 40.755264, 40.755256, 40.755253, 40.755248, 40.741499, 40.736919, 40.735992, 40.742161, 40.754436, 40.755144)),89.4678899082569,1.32110091743119,0,6.01834862385321,0,2.75229357798165
"20","31109001900","Census Tract 19; Lancaster County; Nebraska",1971,273,33825,6667,1658,292,87,62,6,7,70,49,0,10,107,83,1971,273,list(c(-96.708479, -96.708463, -96.707123, -96.704516, -96.702569, -96.701134, -96.698174, -96.696732, -96.696769, -96.702565, -96.702627, -96.707024, -96.708502, -96.708479, 40.813671, 40.81696, 40.816901, 40.816968, 40.816939, 40.81693, 40.816929, 40.815823, 40.809176, 40.809198, 40.809198, 40.809208, 40.809212, 40.813671)),84.1197361745307,4.41400304414003,0.30441400304414,3.55149670218163,0,5.4287163876205
"21","31109003003","Census Tract 30.03; Lancaster County; Nebraska",5199,758,48889,16265,3134,803,588,165,110,96,257,174,0,15,718,422,5199,758,list(c(-96.701212, -96.701146, -96.701106, -96.701104, -96.701075, -96.700866, -96.691527, -96.69105, -96.681983, -96.682073, -96.682222, -96.696521, -96.698992, -96.700877, -96.701313, -96.701212, 40.842892, 40.847429, 40.850173, 40.850585, 40.857282, 40.857395, 40.8572, 40.85719, 40.857005, 40.842595, 40.836087, 40.828572, 40.827268, 40.83067, 40.83413, 40.842892)),60.2808232352375,11.3098672821696,2.11579149836507,4.94325831890748,0,13.8103481438738
"22","31109000100","Census Tract 1; Lancaster County; Nebraska",3365,539,48464,11270,2624,601,59,66,0,10,44,47,0,10,445,248,3365,539,list(c(-96.653622, -96.642124, -96.643224, -96.640069, -96.635719, -96.63282, -96.629451, -96.624707, -96.622311, -96.621185, -96.619472, -96.618091, -96.617262, -96.61241, -96.60689, -96.605762, -96.605591, -96.60565, -96.605667, -96.605706, -96.605716, -96.605793, -96.61889, -96.624873, -96.624872, -96.630416, -96.631716, -96.634426, -96.635802, -96.639914, -96.644122, -96.645275, -96.652347, -96.653623, -96.653622, 40.85112, 40.857116, 40.857564, 40.860447, 40.866582, 40.868333, 40.869167, 40.868826, 
40.868253, 40.868103, 40.868178, 40.86859, 40.869002, 40.872177, 40.875027, 40.87355, 40.871096, 40.864306, 40.862328, 40.85811, 40.857091, 40.851578, 40.8514, 40.851498, 40.85176, 40.851761, 40.853847, 40.851762, 40.851762, 40.851762, 40.851489, 40.851264, 40.851187, 40.851024, 40.85112)),77.9791976225854,1.75334323922734,0,1.3075780089153,0,13.2243684992571
"23","31109003609","Census Tract 36.09; Lancaster County; Nebraska",2554,300,141136,37898,2280,279,15,17,0,10,205,147,0,10,7,10,2554,300,list(c(-96.70168, -96.697616, -96.69417, -96.682566, -96.682524, -96.682528, -96.687218, -96.688005, -96.690582, -96.701544, -96.70168, 40.755672, 40.755632, 40.755598, 40.755482, 40.744981, 40.739568, 40.73956, 40.739455, 40.738585, 40.738504, 40.755672)),89.2717306186374,0.587314017227878,0,8.02662490211433,0,0.274079874706343
"24","31109003725","Census Tract 37.25; Lancaster County; Nebraska",3379,659,147250,28941,3144,687,2,8,0,10,64,79,0,10,57,54,3379,659,list(c(-96.644419, -96.644407, -96.644398, -96.644389, -96.644383, -96.644379, -96.644374, -96.644369, -96.637695, -96.636505, -96.634887, -96.629539, -96.628781, -96.625642, -96.625461, -96.615852, -96.612616, -96.606171, -96.606158, -96.606151, -96.606147, -96.606145, -96.606282, -96.615818, -96.622735, -96.628523, -96.644407, -96.644426, -96.644419, 40.716743, 40.71908, 40.720839, 40.722614, 40.723592, 40.724503, 40.725352, 40.726328, 40.726174, 40.726141, 40.726101, 40.726111, 40.726351, 40.726356, 
40.726493, 40.726506, 40.726332, 40.72632, 40.719084, 40.715429, 40.713545, 40.711789, 40.697279, 40.697295, 40.697305, 40.697315, 40.697333, 40.715441, 40.716743)),93.045279668541,0.0591891092039065,0,1.89405149452501,0,1.68688961231133
"25","31109003202","Census Tract 32.02; Lancaster County; Nebraska",2881,410,63468,3329,2076,316,87,87,0,10,0,10,0,10,540,394,2881,410,list(c(-96.815245, -96.815221, -96.815173, -96.805685, -96.805534, -96.796017, -96.795971, -96.795908, -96.795907, -96.787002, -96.787003, -96.787243, -96.787305, -96.787349, -96.79613, -96.797332, -96.805688, -96.815269, -96.815245, 40.846416, 40.850044, 40.857342, 40.857308, 40.857308, 40.857274, 40.864547, 40.871692, 40.871813, 40.8718, 40.871675, 40.852619, 40.846917, 40.842783, 40.842758, 40.842762, 40.842803, 40.842845, 40.846416)),72.0583130857341,3.01978479694551,0,0,0,18.74349184311
"26","31109003103","Census Tract 31.03; Lancaster County; Nebraska",2752,375,56007,13675,1886,375,27,26,0,10,189,131,0,10,457,254,2752,375,list(c(-96.72097, -96.716086, -96.713168, -96.712241, -96.712081, -96.71214, -96.720401, -96.720356, -96.720335, -96.720225, -96.720338, -96.720167, -96.720332, -96.720311, -96.720264, -96.719805, -96.72097, 40.857832, 40.862207, 40.855151, 40.850757, 40.842967, 40.833683, 40.831928, 40.839414, 40.842825, 40.843207, 40.843387, 40.843523, 40.84406, 40.848449, 40.856626, 40.857149, 40.857832)),68.5319767441861,0.981104651162791,0,6.86773255813953,0,16.6061046511628
"27","31109000700","Census Tract 7; Lancaster County; Nebraska",2521,350,35530,11799,1144,308,178,151,3,10,937,270,0,10,182,93,2521,350,list(c(-96.695313, -96.687025, -96.685833, -96.682335, -96.682376, -96.68239, -96.682391, -96.682396, -96.69385, -96.692282, -96.692585, -96.693245, -96.696075, -96.695313, 40.824486, 40.824408, 40.823512, 40.823517, 40.820704, 40.817094, 40.816861, 40.815759, 40.815809, 40.818694, 40.820764, 40.821627, 40.823627, 40.824486)),45.3788179293931,7.06069020230068,0.119000396667989,37.1677905593019,0,7.21935739785799
"28","31109003500","Census Tract 35; Lancaster County; Nebraska",60,56,NA,NA,57,49,1,6,0,10,0,10,0,10,1,6,60,56,list(c(-96.739818, -96.739816, -96.73872, -96.738015, -96.735756, -96.730335, -96.72756, -96.73026, -96.73032, -96.733954, -96.73584, -96.739868, -96.739818, 40.784496, 40.78458, 40.784628, 40.784766, 40.785532, 40.787463, 40.784571, 40.78456, 40.777551, 40.777587, 40.777607, 40.777649, 40.784496)),95,1.66666666666667,0,0,0,1.66666666666667
"29","31109003724","Census Tract 37.24; Lancaster County; Nebraska",3743,302,88333,37899,3407,365,10,18,0,10,73,79,0,10,54,60,3743,302,list(c(-96.625284, -96.625279, -96.625272, -96.625272, -96.618658, -96.606156, -96.606104, -96.612538, -96.616339, -96.625292, -96.625284, 40.758792, 40.761234, 40.769612, 40.769693, 40.76968, 40.769739, 40.755248, 40.755253, 40.755256, 40.755264, 40.758792)),91.023243387657,0.267165375367352,0,1.95030724018167,0,1.4426930269837
"30","31109001001","Census Tract 10.01; Lancaster County; Nebraska",3320,475,63750,26050,2809,385,134,120,1,3,84,66,0,10,155,89,3320,475,list(c(-96.653642, -96.644134, -96.630432, -96.630384, -96.630412, -96.630448, -96.643933, -96.644136, -96.653725, -96.653642, 40.835299, 40.835286, 40.835202, 40.835202, 40.832104, 40.827933, 40.828018, 40.828019, 40.827957, 40.835299)),84.6084337349398,4.03614457831325,0.0301204819277108,2.53012048192771,0,4.66867469879518
"31","31109003719","Census Tract 37.19; Lancaster County; Nebraska",5513,431,112805,13415,4878,414,0,15,0,15,257,190,0,15,250,151,5513,431,list(c(-96.60655, -96.606076, -96.606119, -96.606104, -96.603159, -96.588113, -96.587068, -96.587068, -96.586895, -96.567944, -96.568002, -96.567792, -96.567783, -96.56777, -96.56779, -96.567899, -96.567787, -96.568664, -96.572059, -96.606282, -96.606145, -96.606147, -96.606151, -96.606158, -96.606171, -96.606019, -96.606835, -96.60655, 40.735992, 40.736919, 40.741499, 40.755248, 40.755244, 40.755315, 40.755343, 40.755191, 40.755191, 40.755123, 40.740638, 40.733405, 40.72949, 40.729372, 40.72617, 
40.704448, 40.697209, 40.69721, 40.697215, 40.697279, 40.711789, 40.713545, 40.715429, 40.719084, 40.72632, 40.733512, 40.734705, 40.735992)),88.481770360965,0,0,4.66170868855433,0,4.53473607836024
"32","31109003704","Census Tract 37.04; Lancaster County; Nebraska",5474,974,55566,9118,4332,943,381,325,21,24,101,85,0,15,327,227,5474,974,list(c(-96.682822, -96.672874, -96.669677, -96.667619, -96.663304, -96.662813, -96.653717, -96.645949, -96.644432, -96.644432, -96.646231, -96.6496, -96.652198, -96.656845, -96.663368, -96.676996, -96.677218, -96.682566, -96.68252, -96.682546, -96.682759, -96.682822, 40.768125, 40.76709, 40.76661, 40.765672, 40.762134, 40.761836, 40.758932, 40.756367, 40.754756, 40.754723, 40.755279, 40.755313, 40.755327, 40.755358, 40.755366, 40.755431, 40.755433, 40.755482, 40.763938, 40.76726, 40.767945, 40.768125
)),79.1377420533431,6.96017537449763,0.383631713554987,1.84508586043113,0,5.97369382535623
"33","31109003401","Census Tract 34.01; Lancaster County; Nebraska",6339,524,87378,13552,4177,512,530,196,37,36,308,209,132,130,792,278,6339,524,list(c(-96.796422, -96.792583, -96.790872, -96.78799, -96.784507, -96.778701, -96.774306, -96.757775, -96.753283, -96.750029, -96.749383, -96.748038, -96.744743, -96.748435, -96.748885, -96.749368, -96.74936, -96.749352, -96.749349, -96.750578, -96.758837, -96.768445, -96.778027, -96.79655, -96.796422, 40.790496, 40.799185, 40.80223, 40.804837, 40.806586, 40.807867, 40.808772, 40.809538, 40.809953, 40.805133, 40.804516, 40.803708, 40.802668, 40.801014, 40.800651, 40.79923, 40.791901, 40.786549, 40.784597, 
40.784598, 40.784607, 40.784626, 40.784639, 40.784667, 40.790496)),65.8936740810853,8.36094021138981,0.583688278908345,4.85881053793974,2.08234737340274,12.4940842404165
"34","31109001301","Census Tract 13.01; Lancaster County; Nebraska",3632,440,76935,5940,3368,453,42,43,24,26,23,22,0,10,114,82,3632,440,list(c(-96.644145, -96.64225, -96.641825, -96.630545, -96.625146, -96.625206, -96.62514, -96.631664, -96.634598, -96.636389, -96.644139, -96.644145, 40.806186, 40.809806, 40.813475, 40.813421, 40.813393, 40.806093, 40.798779, 40.798948, 40.799, 40.798985, 40.798919, 40.806186)),92.7312775330396,1.15638766519824,0.66079295154185,0.633259911894273,0,3.13876651982379
"35","31109001400","Census Tract 14; Lancaster County; Nebraska",4408,583,60490,17099,3804,605,55,53,0,10,0,10,0,10,342,271,4408,583,list(c(-96.663319, -96.653628, -96.648828, -96.641825, -96.64225, -96.644145, -96.644139, -96.653666, -96.663282, -96.663267, -96.663253, -96.663319, 40.813535, 40.813528, 40.81351, 40.813475, 40.809806, 40.806186, 40.798919, 40.798932, 40.798943, 40.802564, 40.80619, 40.813535)),86.2976406533575,1.24773139745917,0,0,0,7.75862068965517
"36","31109001700","Census Tract 17; Lancaster County; Nebraska",4618,511,38204,7994,2833,329,300,170,0,10,397,128,0,10,681,336,4618,511,list(c(-96.696805, -96.696788, -96.696769, -96.690663, -96.688949, -96.687831, -96.687255, -96.686434, -96.683465, -96.682258, -96.680079, -96.675385, -96.676283, -96.67661, -96.677802, -96.682352, -96.682491, -96.689279, -96.691778, -96.692364, -96.696654, -96.69684, -96.696805, 40.803629, 40.805821, 40.809176, 40.809158, 40.809007, 40.808073, 40.806397, 40.805575, 40.802909, 40.802424, 40.802009, 40.798839, 40.798814, 40.798853, 40.79898, 40.798943, 40.798943, 40.798962, 40.798989, 40.79913, 40.799135, 
40.799179, 40.803629)),61.3469034213945,6.4963187527068,0,8.59679514941533,0,14.7466435686444
"37","31109002701","Census Tract 27.01; Lancaster County; Nebraska",3037,366,49250,9520,2034,319,177,157,0,10,98,63,7,15,440,148,3037,366,list(c(-96.66334, -96.66332, -96.654027, -96.644341, -96.64434, -96.644371, -96.653925, -96.655473, -96.657969, -96.66336, -96.66334, 40.773476, 40.777099, 40.777046, 40.776989, 40.772853, 40.769725, 40.769765, 40.769773, 40.769785, 40.769809, 40.773476)),66.9739874876523,5.82811985512018,0,3.22686862034903,0.230490615739216,14.4879815607507
"38","31109003608","Census Tract 36.08; Lancaster County; Nebraska",1303,141,77269,12866,1167,105,0,10,0,10,76,77,0,10,35,36,1303,141,list(c(-96.720555, -96.720177, -96.720485, -96.72031, -96.703746, -96.703053, -96.70168, -96.701544, -96.701532, -96.701508, -96.701507, -96.701501, -96.71752, -96.720514, -96.720518, -96.720524, -96.720555, 40.736764, 40.741185, 40.74603, 40.74612, 40.755055, 40.755671, 40.755672, 40.738504, 40.733757, 40.728138, 40.72792, 40.726478, 40.726515, 40.726378, 40.727345, 40.728778, 40.736764)),89.5625479662318,0,0,5.83269378357636,0,2.68610897927859
"39","31109003709","Census Tract 37.09; Lancaster County; Nebraska",5017,444,94940,4787,4355,428,241,173,36,41,66,66,0,15,175,117,5017,444,list(c(-96.663395, -96.663383, -96.663369, -96.663368, -96.656845, -96.652198, -96.6496, -96.646231, -96.644432, -96.644331, -96.644336, -96.652703, -96.663422, -96.663395, 40.74658, 40.750026, 40.755267, 40.755366, 40.755358, 40.755327, 40.755313, 40.755279, 40.754723, 40.748458, 40.740836, 40.740828, 40.740815, 40.74658)),86.8048634642217,4.80366753039665,0.71756029499701,1.31552720749452,0,3.48814032290213
"40","31109003604","Census Tract 36.04; Lancaster County; Nebraska",3560,311,125278,21604,3115,347,0,10,19,29,204,173,0,10,110,80,3560,311,list(c(-96.796794, -96.796793, -96.796726, -96.79655, -96.778027, -96.768445, -96.758837, -96.750578, -96.749349, -96.739816, -96.739818, -96.739868, -96.73584, -96.733954, -96.73032, -96.73026, -96.72756, -96.730335, -96.72771, -96.72512, -96.723999, -96.715492, -96.714909, -96.709928, -96.705107, -96.705027, -96.706774, -96.707691, -96.708721, -96.713436, -96.713995, -96.720806, -96.72075, -96.722097, -96.721184, -96.720492, -96.72031, -96.720485, -96.720177, -96.720555, -96.720524, -96.720518, 
-96.720514, -96.71752, -96.701501, -96.701507, -96.701508, -96.698326, -96.697987, -96.682519, -96.682509, -96.682505, -96.682496, -96.680986, -96.680972, -96.681469, -96.682335, -96.688173, -96.688484, -96.69021, -96.6999, -96.753864, -96.756246, -96.76111, -96.763504, -96.793793, -96.795673, -96.796855, -96.796794, 40.716924, 40.726632, 40.741128, 40.784667, 40.784639, 40.784626, 40.784607, 40.784598, 40.784597, 40.78458, 40.784496, 40.777649, 40.777607, 40.777587, 40.777551, 40.78456, 40.784571, 
40.787463, 40.788132, 40.788146, 40.787959, 40.785456, 40.784498, 40.78104, 40.774658, 40.77456, 40.773458, 40.771188, 40.77046, 40.770179, 40.77018, 40.770184, 40.755616, 40.755635, 40.748346, 40.746483, 40.74612, 40.74603, 40.741185, 40.736764, 40.728778, 40.727345, 40.726378, 40.726515, 40.726478, 40.72792, 40.728138, 40.726651, 40.726529, 40.726403, 40.711876, 40.704635, 40.701684, 40.697691, 40.697376, 40.697377, 40.697377, 40.697383, 40.697384, 40.697386, 40.697397, 40.697528, 40.697535, 40.697548, 
40.697554, 40.697634, 40.69764, 40.697643, 40.716924)),87.5,0,0.533707865168539,5.73033707865168,0,3.08988764044944
"41","31109010300","Census Tract 103; Lancaster County; Nebraska",4561,555,109934,12453,4283,545,0,10,18,26,7,15,0,10,47,29,4561,555,list(c(-96.91393, -96.913714, -96.913493, -96.911116, -96.910928, -96.910872, -96.910845, -96.910751, -96.863443, -96.853897, -96.84441, -96.834794, -96.824514, -96.79655, -96.796726, -96.796793, -96.796794, -96.796855, -96.795673, -96.793793, -96.763504, -96.76111, -96.756246, -96.753864, -96.6999, -96.69021, -96.690247, -96.690292, -96.690599, -96.685974, -96.685796, -96.686911, -96.686259, -96.684932, -96.760922, -96.798389, -96.836365, -96.888634, -96.89339, -96.898147, -96.902895, -96.912637, 
-96.912431, -96.912226, -96.912225, -96.912206, -96.913399, -96.913918, -96.91393, 40.625248, 40.658732, 40.697948, 40.697975, 40.741469, 40.755955, 40.763181, 40.784944, 40.784859, 40.784843, 40.784803, 40.784761, 40.784735, 40.784667, 40.741128, 40.726632, 40.716924, 40.697643, 40.69764, 40.697634, 40.697554, 40.697548, 40.697535, 40.697528, 40.697397, 40.697386, 40.695715, 40.693767, 40.679282, 40.679218, 40.679215, 40.610299, 40.581308, 40.523296, 40.523074, 40.523076, 40.523199, 40.52351, 40.523543, 
40.523563, 40.523583, 40.523625, 40.538118, 40.559957, 40.560044, 40.567179, 40.596208, 40.610728, 40.625248)),93.9048454286341,0,0.394650295987722,0.153475115106336,0,1.03047577285683
"42","31109000202","Census Tract 2.02; Lancaster County; Nebraska",3836,373,42623,12710,2964,332,101,73,34,38,226,203,0,10,376,146,3836,373,list(c(-96.653656, -96.653607, -96.653646, -96.653623, -96.652347, -96.645275, -96.644122, -96.644122, -96.644128, -96.644131, -96.644132, -96.644134, -96.653642, -96.653656, 40.838292, 40.841288, 40.846216, 40.851024, 40.851187, 40.851264, 40.851489, 40.851266, 40.8462, 40.842564, 40.84128, 40.835286, 40.835299, 40.838292)),77.2679874869656,2.63295099061522,0.886339937434828,5.89155370177268,0,9.80187695516163
"43","31109000400","Census Tract 4; Lancaster County; Nebraska",5891,737,46991,13453,3034,485,397,180,36,34,451,251,0,15,1179,485,5891,737,list(c(-96.698992, -96.696521, -96.682222, -96.672808, -96.67281, -96.67281, -96.672836, -96.672861, -96.672859, -96.672851, -96.677705, -96.678419, -96.682335, -96.685833, -96.687025, -96.695313, -96.696075, -96.697325, -96.698126, -96.698992, 40.827268, 40.828572, 40.836087, 40.841021, 40.838289, 40.837338, 40.831654, 40.828021, 40.827112, 40.823034, 40.823472, 40.823451, 40.823517, 40.823512, 40.824408, 40.824486, 40.823627, 40.82475, 40.825944, 40.827268)),51.502291631302,6.73909353250721,0.611101680529621,7.65574605330165,0,20.0135800373451
"44","31109000300","Census Tract 3; Lancaster County; Nebraska",4113,675,47053,6724,3018,712,129,122,9,15,220,136,0,10,468,300,4113,675,list(c(-96.67281, -96.672808, -96.658874, -96.653622, -96.653623, -96.653646, -96.653607, -96.653656, -96.653642, -96.657034, -96.658862, -96.660602, -96.67281, -96.67281, 40.838289, 40.841021, 40.84839, 40.85112, 40.851024, 40.846216, 40.841288, 40.838292, 40.835299, 40.835449, 40.836341, 40.837232, 40.837338, 40.838289)),73.3770970094821,3.13639679066375,0.218818380743982,5.34889375151957,0,11.3785557986871
"45","31109000900","Census Tract 9; Lancaster County; Nebraska",3270,453,45000,11046,2647,364,241,259,0,10,82,58,0,10,215,127,3270,453,list(c(-96.672861, -96.672836, -96.67281, -96.660602, -96.658862, -96.657034, -96.653642, -96.653725, -96.653663, -96.653663, -96.653628, -96.663319, -96.669481, -96.670192, -96.668872, -96.668881, -96.670203, -96.670208, -96.672851, -96.672859, -96.672861, 40.828021, 40.831654, 40.837338, 40.837232, 40.836341, 40.835449, 40.835299, 40.827957, 40.820804, 40.820699, 40.813528, 40.813535, 40.813542, 40.814515, 40.815531, 40.820789, 40.820786, 40.823109, 40.823034, 40.827112, 40.828021)),80.9480122324159,7.37003058103975,0,2.50764525993884,0,6.57492354740061
"46","31109003714","Census Tract 37.14; Lancaster County; Nebraska",5354,659,135553,11753,4973,671,35,32,9,15,146,132,0,15,119,110,5354,659,list(c(-96.644572, -96.644367, -96.644336, -96.644331, -96.644432, -96.644432, -96.644385, -96.644251, -96.640513, -96.61777, -96.60655, -96.606835, -96.606019, -96.606171, -96.612616, -96.615852, -96.625461, -96.625642, -96.628781, -96.629539, -96.634887, -96.636505, -96.637695, -96.644369, -96.644605, -96.644572, 40.727407, 40.727408, 40.740836, 40.748458, 40.754723, 40.754756, 40.756362, 40.75632, 40.754436, 40.742161, 40.735992, 40.734705, 40.733512, 40.72632, 40.726332, 40.726506, 40.726493, 
40.726356, 40.726351, 40.726111, 40.726101, 40.726141, 40.726174, 40.726328, 40.726328, 40.727407)),92.8838251774374,0.653716847217034,0.168098617855809,2.72693313410534,0,2.22263728053792
"47","31109010402","Census Tract 104.02; Lancaster County; Nebraska",5265,673,100063,17898,4991,674,6,9,64,71,38,31,0,15,76,62,5265,673,list(c(-96.686259, -96.591804, -96.591914, -96.591161, -96.591221, -96.572531, -96.57241, -96.572356, -96.572505, -96.57231, -96.5723, -96.572295, -96.572059, -96.568664, -96.567787, -96.567899, -96.56779, -96.56777, -96.567783, -96.567792, -96.568002, -96.567944, -96.56785, -96.567835, -96.558956, -96.541792, -96.463764, -96.463807, -96.463815, -96.463821, -96.463791, -96.463838, -96.46384, -96.463845, -96.463807, -96.463795, -96.463783, -96.463758, -96.463745, -96.463738, -96.463699, -96.46368, 
-96.463655, -96.463656, -96.463667, -96.463642, -96.463655, -96.463644, -96.463632, -96.477861, -96.501774, -96.572196, -96.628978, -96.633443, -96.657387, -96.671541, -96.684932, -96.686259, 40.581308, 40.581675, 40.596147, 40.610991, 40.618235, 40.618218, 40.639942, 40.64717, 40.668799, 40.676044, 40.683287, 40.684445, 40.697215, 40.69721, 40.697209, 40.704448, 40.72617, 40.729372, 40.72949, 40.733405, 40.740638, 40.755123, 40.780132, 40.784112, 40.784102, 40.784082, 40.78396, 40.754956, 40.747743, 
40.743452, 40.704206, 40.696964, 40.68247, 40.653488, 40.638989, 40.63174, 40.624525, 40.615038, 40.609996, 40.606516, 40.581007, 40.566507, 40.562884, 40.55927, 40.552005, 40.544609, 40.537501, 40.530273, 40.523013, 40.523159, 40.523392, 40.523828, 40.523569, 40.523529, 40.523475, 40.523405, 40.523296, 40.581308)),94.7958214624881,0.113960113960114,1.21557454890788,0.721747388414055,0,1.44349477682811
"48","31109003004","Census Tract 30.04; Lancaster County; Nebraska",3504,636,75189,15096,2593,633,308,360,54,65,321,175,0,10,161,147,3504,636,list(c(-96.701095, -96.697505, -96.685559, -96.682128, -96.681983, -96.68187, -96.68192, -96.685823, -96.688262, -96.689357, -96.690724, -96.691971, -96.696938, -96.698211, -96.701086, -96.701095, 40.870715, 40.872845, 40.883921, 40.88643, 40.886522, 40.874649, 40.865663, 40.865344, 40.866138, 40.866646, 40.866833, 40.866859, 40.867155, 40.868699, 40.868201, 40.870715)),74.0011415525114,8.78995433789954,1.54109589041096,9.16095890410959,0,4.59474885844749
"49","31109010204","Census Tract 102.04; Lancaster County; Nebraska",5261,550,69208,16124,3269,511,165,153,12,20,676,215,0,15,720,281,5261,550,list(c(-96.720209, -96.720188, -96.720169, -96.720047, -96.720044, -96.719893, -96.700911, -96.701024, -96.701035, -96.69636, -96.691394, -96.687616, -96.682519, -96.682128, -96.685559, -96.697505, -96.701095, -96.710665, -96.716086, -96.719559, -96.720899, -96.720209, 40.871675, 40.873559, 40.875354, 40.886168, 40.886359, 40.900716, 40.900662, 40.894056, 40.893434, 40.893402, 40.893367, 40.893341, 40.893306, 40.88643, 40.883921, 40.872845, 40.870715, 40.86565, 40.862207, 40.869914, 40.871169, 40.871675
)),62.1364759551416,3.13628587720966,0.22809351834252,12.849268199962,0,13.6856111005512
"50","31109003722","Census Tract 37.22; Lancaster County; Nebraska",1764,299,44730,21599,1588,304,0,10,1,3,64,99,0,10,111,106,1764,299,list(c(-96.644455, -96.644101, -96.644172, -96.634159, -96.632753, -96.629877, -96.62515, -96.625222, -96.625272, -96.628785, -96.637154, -96.644226, -96.644371, -96.64434, -96.644341, -96.644258, -96.644455, 40.781071, 40.78385, 40.788204, 40.78775, 40.787194, 40.784301, 40.784285, 40.77715, 40.769693, 40.769746, 40.769711, 40.76974, 40.769725, 40.772853, 40.776989, 40.776988, 40.781071)),90.0226757369615,0,0.0566893424036281,3.6281179138322,0,6.29251700680272
"51","31109001302","Census Tract 13.02; Lancaster County; Nebraska",3150,299,86250,15853,2471,302,31,30,5,9,230,177,0,10,314,163,3150,299,list(c(-96.644161, -96.644139, -96.636389, -96.634598, -96.631664, -96.62514, -96.625139, -96.62515, -96.629877, -96.632753, -96.634159, -96.644172, -96.644161, 40.79163, 40.798919, 40.798985, 40.799, 40.798948, 40.798779, 40.791551, 40.784285, 40.784301, 40.787194, 40.78775, 40.788204, 40.79163)),78.4444444444445,0.984126984126984,0.158730158730159,7.3015873015873,0,9.96825396825397
"52","31109001500","Census Tract 15; Lancaster County; Nebraska",4573,559,62436,10425,3735,481,54,66,79,83,103,75,8,14,279,145,4573,559,list(c(-96.675385, -96.674546, -96.67285, -96.663282, -96.653666, -96.644139, -96.644161, -96.644172, -96.644101, -96.648137, -96.650072, -96.653825, -96.65521, -96.656725, -96.660045, -96.66328, -96.667692, -96.668495, -96.672062, -96.676283, -96.675385, 40.798839, 40.798974, 40.798941, 40.798943, 40.798932, 40.798919, 40.79163, 40.788204, 40.78385, 40.784378, 40.785906, 40.787711, 40.787697, 40.787192, 40.787556, 40.789389, 40.791663, 40.79212, 40.796937, 40.798814, 40.798839)),81.6750492018369,1.18084408484583,1.72753116116335,2.25235075442817,0.174939864421605,6.10102777170348
"53","31109001600","Census Tract 16; Lancaster County; Nebraska",5439,608,66314,6640,4705,525,360,348,0,15,104,125,0,15,147,81,5439,608,list(c(-96.685994, -96.68245, -96.682413, -96.682407, -96.682406, -96.680277, -96.672782, -96.669481, -96.663319, -96.663253, -96.663267, -96.663282, -96.67285, -96.674546, -96.675385, -96.680079, -96.682258, -96.683465, -96.686434, -96.685994, 40.805976, 40.806209, 40.812419, 40.813471, 40.813583, 40.813528, 40.813537, 40.813542, 40.813535, 40.80619, 40.802564, 40.798943, 40.798941, 40.798974, 40.798839, 40.802009, 40.802424, 40.802909, 40.805575, 40.805976)),86.5048722191579,6.6188637617209,0,1.91211619783048,0,2.7027027027027
"54","31109002400","Census Tract 24; Lancaster County; Nebraska",3157,478,139250,22163,2987,467,13,13,10,15,9,15,0,10,77,74,3157,478,list(c(-96.692066, -96.692058, -96.691667, -96.687403, -96.687396, -96.687262, -96.687224, -96.682537, -96.682402, -96.67414, -96.672831, -96.672819, -96.672832, -96.672844, -96.675699, -96.692075, -96.692066, 40.780937, 40.784456, 40.784455, 40.784443, 40.785349, 40.788069, 40.79173, 40.791716, 40.791686, 40.791673, 40.791671, 40.786228, 40.78004, 40.777121, 40.777137, 40.77731, 40.780937)),94.6151409566044,0.411783338612607,0.31675641431739,0.285080772885651,0,2.4390243902439
"55","31109002500","Census Tract 25; Lancaster County; Nebraska",5504,563,69487,6683,4950,614,121,155,0,15,34,40,0,15,309,202,5504,563,list(c(-96.67661, -96.676283, -96.672062, -96.668495, -96.667692, -96.66328, -96.660045, -96.656725, -96.65521, -96.653825, -96.650072, -96.648137, -96.644101, -96.644455, -96.644258, -96.644341, -96.654027, -96.66332, -96.672844, -96.672832, -96.672819, -96.672831, -96.67414, -96.674492, -96.676847, -96.67661, 40.798853, 40.798814, 40.796937, 40.79212, 40.791663, 40.789389, 40.787556, 40.787192, 40.787697, 40.787711, 40.785906, 40.784378, 40.78385, 40.781071, 40.776988, 40.776989, 40.777046, 40.777099, 
40.777121, 40.78004, 40.786228, 40.791671, 40.791673, 40.795296, 40.796601, 40.798853)),89.9345930232558,2.1984011627907,0,0.617732558139535,0,5.6140988372093
"56","31109002702","Census Tract 27.02; Lancaster County; Nebraska",5724,473,80365,17511,4568,364,206,241,5,9,59,47,0,15,340,215,5724,473,list(c(-96.683025, -96.681301, -96.675699, -96.672844, -96.66332, -96.66334, -96.66336, -96.657969, -96.655473, -96.653925, -96.644371, -96.644346, -96.644347, -96.644385, -96.644432, -96.645949, -96.653717, -96.662813, -96.663304, -96.667619, -96.669677, -96.672874, -96.682822, -96.683025, 40.769568, 40.769467, 40.777137, 40.777121, 40.777099, 40.773476, 40.769809, 40.769785, 40.769773, 40.769765, 40.769725, 40.766113, 40.762936, 40.756362, 40.754756, 40.756367, 40.758932, 40.761836, 40.762134, 
40.765672, 40.76661, 40.76709, 40.768125, 40.769568)),79.8043326345213,3.59888190076869,0.0873515024458421,1.03074772886094,0,5.93990216631726
"57","31109000600","Census Tract 6; Lancaster County; Nebraska",5863,210,42021,2107,4801,275,275,109,34,36,271,144,0,15,303,86,5863,210,list(c(-96.708428, -96.707181, -96.702163, -96.698992, -96.698126, -96.697325, -96.696075, -96.693245, -96.692585, -96.692282, -96.69385, -96.696732, -96.698174, -96.701134, -96.702569, -96.704516, -96.707123, -96.707489, -96.708517, -96.708428, 40.821712, 40.822934, 40.825625, 40.827268, 40.825944, 40.82475, 40.823627, 40.821627, 40.820764, 40.818694, 40.815809, 40.815823, 40.816929, 40.81693, 40.816939, 40.816968, 40.816901, 40.817737, 40.819299, 40.821712)),81.8864062766502,4.69043151969981,0.579907896981068,4.62220706123145,0,5.16800272897834
"58","31109983200","Census Tract 9832; Lancaster County; Nebraska",104,23,NA,NA,39,25,20,20,7,13,0,10,0,10,23,24,104,23,list(c(-96.787243, -96.787003, -96.787002, -96.7868, -96.784589, -96.782939, -96.781455, -96.780698, -96.776317, -96.764827, -96.764877, -96.760608, -96.747139, -96.745066, -96.74371, -96.743758, -96.743622, -96.742672, -96.739726, -96.742946, -96.745845, -96.747707, -96.753703, -96.755406, -96.757382, -96.757518, -96.757989, -96.761083, -96.763544, -96.764953, -96.766926, -96.766827, -96.76737, -96.769723, -96.774713, -96.779084, -96.779823, -96.779872, -96.787305, -96.787243, 40.852619, 40.871675, 
40.8718, 40.875998, 40.878577, 40.879446, 40.881103, 40.880807, 40.879935, 40.879393, 40.873444, 40.871763, 40.863332, 40.861344, 40.857817, 40.848259, 40.845306, 40.842552, 40.839133, 40.835753, 40.83182, 40.832751, 40.832925, 40.832228, 40.830238, 40.826718, 40.825296, 40.8239, 40.824029, 40.824481, 40.826988, 40.837003, 40.839871, 40.841664, 40.841717, 40.843767, 40.844707, 40.846883, 40.846917, 40.852619)),37.5,19.2307692307692,6.73076923076923,0,0,22.1153846153846
"59","31109003102","Census Tract 31.02; Lancaster County; Nebraska",6078,1168,77037,8934,5359,1176,333,217,24,33,45,62,0,15,200,174,6078,1168,list(c(-96.764827, -96.75907, -96.758828, -96.752876, -96.747285, -96.74398, -96.738978, -96.722759, -96.720899, -96.719559, -96.716086, -96.72097, -96.728741, -96.732825, -96.739452, -96.739726, -96.742672, -96.743622, -96.743758, -96.74371, -96.745066, -96.747139, -96.760608, -96.764877, -96.764827, 40.879393, 40.879358, 40.879357, 40.879356, 40.87893, 40.878401, 40.877176, 40.872073, 40.871169, 40.869914, 40.862207, 40.857832, 40.850069, 40.845989, 40.839389, 40.839133, 40.842552, 40.845306, 40.848259, 
40.857817, 40.861344, 40.863332, 40.871763, 40.873444, 40.879393)),88.1704508061862,5.47877591312932,0.394866732477789,0.740375123395854,0,3.29055610398157
"60","31109003718","Census Tract 37.18; Lancaster County; Nebraska",3677,686,130554,24514,3248,692,45,62,0,10,202,132,0,10,156,135,3677,686,list(c(-96.606156, -96.60606, -96.606008, -96.605666, -96.606066, -96.606066, -96.606101, -96.605931, -96.606088, -96.591142, -96.586778, -96.582205, -96.580294, -96.577373, -96.576256, -96.572544, -96.567713, -96.567835, -96.56785, -96.567944, -96.586895, -96.587068, -96.587068, -96.588113, -96.603159, -96.606104, -96.606156, 40.769739, 40.779126, 40.784233, 40.784231, 40.791291, 40.791509, 40.798831, 40.808122, 40.813496, 40.813311, 40.813273, 40.813229, 40.81321, 40.813183, 40.81317, 40.813124, 
40.813065, 40.784112, 40.780132, 40.755123, 40.755191, 40.755191, 40.755343, 40.755315, 40.755244, 40.755248, 40.769739)),88.3328800652706,1.22382376937721,0,5.49360892031547,0,4.24258906717433
"61","31109002900","Census Tract 29; Lancaster County; Nebraska",5395,473,52306,12771,3912,529,567,360,0,15,205,142,0,15,507,244,5395,473,list(c(-96.682073, -96.681983, -96.68192, -96.68187, -96.681983, -96.678635, -96.67157, -96.666515, -96.66317, -96.662795, -96.650034, -96.644875, -96.643969, -96.605367, -96.605146, -96.60378, -96.60513, -96.605346, -96.605354, -96.605404, -96.605596, -96.605492, -96.603584, -96.602891, -96.60478, -96.605493, -96.60689, -96.61241, -96.617262, -96.618091, -96.619472, -96.621185, -96.622311, -96.624707, -96.629451, -96.63282, -96.635719, -96.640069, -96.643224, -96.642124, -96.653622, -96.658874, 
-96.672808, -96.682222, -96.682073, 40.842595, 40.857005, 40.865663, 40.874649, 40.886522, 40.888672, 40.893208, 40.896144, 40.89694, 40.896989, 40.897021, 40.897034, 40.897036, 40.897127, 40.893252, 40.890488, 40.888571, 40.885571, 40.885144, 40.881954, 40.878335, 40.878053, 40.87771, 40.877121, 40.876138, 40.875765, 40.875027, 40.872177, 40.869002, 40.86859, 40.868178, 40.868103, 40.868253, 40.868826, 40.869167, 40.868333, 40.866582, 40.860447, 40.857564, 40.857116, 40.85112, 40.84839, 40.841021, 
40.836087, 40.842595)),72.5115848007414,10.5097312326228,0,3.79981464318814,0,9.39759036144578
"62","31109003605","Census Tract 36.05; Lancaster County; Nebraska",4178,623,94427,14473,3556,594,158,127,4,7,37,41,0,10,187,95,4178,623,list(c(-96.722097, -96.72075, -96.720806, -96.713995, -96.713436, -96.708721, -96.707691, -96.706774, -96.705027, -96.704968, -96.704557, -96.7048, -96.707247, -96.701491, -96.701542, -96.698632, -96.682822, -96.682759, -96.682546, -96.68252, -96.682566, -96.69417, -96.697616, -96.70168, -96.703053, -96.703746, -96.72031, -96.720492, -96.721184, -96.722097, 40.755635, 40.755616, 40.770184, 40.77018, 40.770179, 40.77046, 40.771188, 40.773458, 40.77456, 40.774468, 40.772684, 40.771888, 40.768389, 40.767671, 
40.771511, 40.770475, 40.768125, 40.767945, 40.76726, 40.763938, 40.755482, 40.755598, 40.755632, 40.755672, 40.755671, 40.755055, 40.74612, 40.746483, 40.748346, 40.755635)),85.1124940162757,3.78171373863092,0.0957395883197702,0.885591191957875,0,4.47582575394926
"63","31109003715","Census Tract 37.15; Lancaster County; Nebraska",2233,210,126063,11476,2051,224,92,86,9,13,13,19,0,10,42,31,2233,210,list(c(-96.663428, -96.663428, -96.663422, -96.652703, -96.644336, -96.644367, -96.644572, -96.644605, -96.647459, -96.649218, -96.653916, -96.663107, -96.663444, -96.663428, 40.732911, 40.732964, 40.740815, 40.740828, 40.740836, 40.727408, 40.727407, 40.726328, 40.72633, 40.726331, 40.726333, 40.726318, 40.726317, 40.732911)),91.8495297805643,4.12001791312136,0.403045230631438,0.58217644424541,0,1.88087774294671
"64","31109003708","Census Tract 37.08; Lancaster County; Nebraska",3756,332,92500,19483,3271,292,35,31,5,8,71,95,0,10,249,142,3756,332,list(c(-96.682566, -96.677218, -96.676996, -96.663368, -96.663369, -96.663383, -96.663395, -96.663422, -96.673746, -96.677378, -96.682528, -96.682524, -96.682566, 40.755482, 40.755433, 40.755431, 40.755366, 40.755267, 40.750026, 40.74658, 40.740815, 40.740884, 40.740827, 40.739568, 40.744981, 40.755482)),87.087326943557,0.931842385516507,0.133120340788072,1.89030883919063,0,6.62939297124601
"65","31109003726","Census Tract 37.26; Lancaster County; Nebraska",2882,498,110536,31331,2311,403,56,83,0,10,400,291,0,10,17,25,2882,498,list(c(-96.682519, -96.672972, -96.663444, -96.663107, -96.653916, -96.649218, -96.647459, -96.644605, -96.644369, -96.644374, -96.644379, -96.644383, -96.644389, -96.644398, -96.644407, -96.644419, -96.644426, -96.644407, -96.680972, -96.680986, -96.682496, -96.682505, -96.682509, -96.682519, 40.726403, 40.726559, 40.726317, 40.726318, 40.726333, 40.726331, 40.72633, 40.726328, 40.726328, 40.725352, 40.724503, 40.723592, 40.722614, 40.720839, 40.71908, 40.716743, 40.715441, 40.697333, 40.697376, 
40.697691, 40.701684, 40.704635, 40.711876, 40.726403)),80.1873698820264,1.94309507286607,0,13.8792505204719,0,0.589868147120056
"66","31109003727","Census Tract 37.27; Lancaster County; Nebraska",2567,324,123350,5910,2271,362,107,109,0,10,56,82,0,10,116,135,2567,324,list(c(-96.606034, -96.605949, -96.601174, -96.586887, -96.57422, -96.56763, -96.56765, -96.567696, -96.567713, -96.572544, -96.576256, -96.577373, -96.580294, -96.582205, -96.586778, -96.591142, -96.606088, -96.606034, 40.820713, 40.828009, 40.827975, 40.82784, 40.827616, 40.827493, 40.823887, 40.820281, 40.813065, 40.813124, 40.81317, 40.813183, 40.81321, 40.813229, 40.813273, 40.813311, 40.813496, 40.820713)),88.4690299961044,4.16828983248929,0,2.18153486560187,0,4.5188936501753
"67","31109003005","Census Tract 30.05; Lancaster County; Nebraska",4716,500,64386,8720,3430,593,90,76,0,10,926,311,0,10,34,43,4716,500,list(c(-96.716086, -96.710665, -96.701095, -96.701086, -96.698211, -96.696938, -96.691971, -96.690724, -96.689357, -96.688262, -96.685823, -96.68192, -96.681983, -96.69105, -96.691527, -96.700866, -96.701075, -96.707933, -96.710676, -96.713168, -96.716086, 40.862207, 40.86565, 40.870715, 40.868201, 40.868699, 40.867155, 40.866859, 40.866833, 40.866646, 40.866138, 40.865344, 40.865663, 40.857005, 40.85719, 40.8572, 40.857395, 40.857282, 40.857305, 40.855711, 40.855151, 40.862207)),72.7311280746395,1.90839694656489,0,19.6352841391009,0,0.720949957591179
"68","31109003402","Census Tract 34.02; Lancaster County; Nebraska",6263,861,53673,14451,4878,885,355,285,0,15,130,147,0,15,376,318,6263,861,list(c(-96.753283, -96.735648, -96.733859, -96.733667, -96.733089, -96.723116, -96.723505, -96.724359, -96.724149, -96.72527, -96.723627, -96.723376, -96.72512, -96.72771, -96.730335, -96.735756, -96.738015, -96.73872, -96.739816, -96.749349, -96.749352, -96.74936, -96.749368, -96.748885, -96.748435, -96.744743, -96.748038, -96.749383, -96.750029, -96.753283, 40.809953, 40.811798, 40.812916, 40.813079, 40.813774, 40.813711, 40.807466, 40.80658, 40.804399, 40.802473, 40.799113, 40.797718, 40.788146, 
40.788132, 40.787463, 40.785532, 40.784766, 40.784628, 40.78458, 40.784597, 40.786549, 40.791901, 40.79923, 40.800651, 40.801014, 40.802668, 40.803708, 40.804516, 40.805133, 40.809953)),77.885997125978,5.66821012294428,0,2.07568258023312,0,6.00351269359732
"69","31109010203","Census Tract 102.03; Lancaster County; Nebraska",1883,649,105208,64538,1731,646,0,10,0,10,70,87,0,10,82,78,1883,649,list(c(-96.758988, -96.75833, -96.758383, -96.748758, -96.739127, -96.719893, -96.720044, -96.720047, -96.720169, -96.720188, -96.720209, -96.720899, -96.722759, -96.738978, -96.74398, -96.747285, -96.752876, -96.758828, -96.75895, -96.758988, 40.880743, 40.883284, 40.900813, 40.900784, 40.900755, 40.900716, 40.886359, 40.886168, 40.875354, 40.873559, 40.871675, 40.871169, 40.872073, 40.877176, 40.878401, 40.87893, 40.879356, 40.879357, 40.880285, 40.880743)),91.9277748274031,0,0,3.71747211895911,0,4.35475305363781
"70","31109000500","Census Tract 5; Lancaster County; Nebraska",2453,394,39476,16437,1615,293,212,108,7,7,107,78,0,10,246,109,2453,394,list(c(-96.722808, -96.718173, -96.717561, -96.716597, -96.712165, -96.70773, -96.701313, -96.700877, -96.698992, -96.702163, -96.707181, -96.708428, -96.708517, -96.707489, -96.707123, -96.708463, -96.708479, -96.713891, -96.723116, -96.722808, 40.816785, 40.821258, 40.824535, 40.825907, 40.828701, 40.831701, 40.83413, 40.83067, 40.827268, 40.825625, 40.822934, 40.821712, 40.819299, 40.817737, 40.816901, 40.81696, 40.813671, 40.813688, 40.813711, 40.816785)),65.8377496942519,8.64247859763555,0.285364859355891,4.36200570729719,0,10.0285364859356
"71","31109001800","Census Tract 18; Lancaster County; Nebraska",2336,417,27014,5101,1530,299,149,155,4,8,246,157,0,10,267,142,2336,417,list(c(-96.696732, -96.69385, -96.682396, -96.682406, -96.682407, -96.682413, -96.68245, -96.685994, -96.686434, -96.687255, -96.687831, -96.688949, -96.690663, -96.696769, -96.696732, 40.815823, 40.815809, 40.815759, 40.813583, 40.813471, 40.812419, 40.806209, 40.805976, 40.805575, 40.806397, 40.808073, 40.809007, 40.809158, 40.809176, 40.815823)),65.4965753424658,6.37842465753425,0.171232876712329,10.5308219178082,0,11.4297945205479
"72","31109002800","Census Tract 28; Lancaster County; Nebraska",5192,696,71463,17308,4635,644,85,113,0,15,56,63,0,15,165,180,5192,696,list(c(-96.715492, -96.712927, -96.707118, -96.706269, -96.699205, -96.696827, -96.692058, -96.692066, -96.692075, -96.675699, -96.681301, -96.683025, -96.682822, -96.698632, -96.701542, -96.703841, -96.704968, -96.705027, -96.705107, -96.709928, -96.714909, -96.715492, 40.785456, 40.784761, 40.78464, 40.784555, 40.784477, 40.78447, 40.784456, 40.780937, 40.77731, 40.777137, 40.769467, 40.769568, 40.768125, 40.770475, 40.771511, 40.773178, 40.774468, 40.77456, 40.774658, 40.78104, 40.784498, 40.785456
)),89.2719568567026,1.63713405238829,0,1.07858243451464,0,3.17796610169492
"73","31109003302","Census Tract 33.02; Lancaster County; Nebraska",5572,852,102000,16506,3923,871,303,155,17,23,182,142,0,15,871,255,5572,852,list(c(-96.796333, -96.796299, -96.796343, -96.79625, -96.796219, -96.79613, -96.787349, -96.787305, -96.779872, -96.779823, -96.779084, -96.774713, -96.769723, -96.76737, -96.766827, -96.766926, -96.764953, -96.763544, -96.761083, -96.757989, -96.757518, -96.757382, -96.755406, -96.753703, -96.747707, -96.745845, -96.752999, -96.754466, -96.754939, -96.756483, -96.755126, -96.753726, -96.753283, -96.757775, -96.774306, -96.778701, -96.784507, -96.78799, -96.790872, -96.792583, -96.796422, -96.796333, 
40.799193, 40.808242, 40.817903, 40.828245, 40.831882, 40.842758, 40.842783, 40.846917, 40.846883, 40.844707, 40.843767, 40.841717, 40.841664, 40.839871, 40.837003, 40.826988, 40.824481, 40.824029, 40.8239, 40.825296, 40.826718, 40.830238, 40.832228, 40.832925, 40.832751, 40.83182, 40.821416, 40.819316, 40.818794, 40.817626, 40.813822, 40.810608, 40.809953, 40.809538, 40.808772, 40.807867, 40.806586, 40.804837, 40.80223, 40.799185, 40.790496, 40.799193)),70.4055994256999,5.43790380473798,0.305096913137114,3.26633165829146,0,15.6317300789663
"74","31109010100","Census Tract 101; Lancaster County; Nebraska",7377,563,105481,15169,6897,574,2,4,3,5,0,15,0,15,296,231,7377,563,list(c(-96.682519, -96.681811, -96.681033, -96.681754, -96.681649, -96.681336, -96.681342, -96.681352, -96.681355, -96.681361, -96.681364, -96.681366, -96.681372, -96.681403, -96.67897, -96.658708, -96.656551, -96.654782, -96.652476, -96.60111, -96.592778, -96.583157, -96.563918, -96.563469, -96.526151, -96.502152, -96.50013, -96.482991, -96.473435, -96.463869, -96.463866, -96.463868, -96.463861, -96.463833, -96.463742, -96.463833, -96.463737, -96.463714, -96.463714, -96.463714, -96.463722, -96.463764, 
-96.541792, -96.558956, -96.567835, -96.567713, -96.567696, -96.56765, -96.56763, -96.567506, -96.567479, -96.567443, -96.567476, -96.567143, -96.570024, -96.573335, -96.575234, -96.598273, -96.605367, -96.643969, -96.644875, -96.650034, -96.662795, -96.66317, -96.666515, -96.67157, -96.678635, -96.681983, -96.682128, -96.682519, 40.893306, 40.8933, 40.896419, 40.90112, 40.915068, 40.95861, 40.965768, 40.976648, 40.980281, 40.987529, 40.991152, 40.994755, 41.002006, 41.045657, 41.045653, 41.045602, 
41.045384, 41.045693, 41.045569, 41.045444, 41.045396, 41.045404, 41.045342, 41.045342, 41.045258, 41.045206, 41.045304, 41.045165, 41.045117, 41.045083, 41.030572, 41.023329, 41.016069, 40.976159, 40.957877, 40.950741, 40.943493, 40.885478, 40.870979, 40.870951, 40.841968, 40.78396, 40.784082, 40.784102, 40.784112, 40.813065, 40.820281, 40.823887, 40.827493, 40.870863, 40.88526, 40.89157, 40.894161, 40.895844, 40.896922, 40.897697, 40.897773, 40.89699, 40.897127, 40.897036, 40.897034, 40.897021, 
40.896989, 40.89694, 40.896144, 40.893208, 40.888672, 40.886522, 40.88643, 40.893306)),93.4932899552664,0.0271112918530568,0.0406669377795852,0,0,4.01247119425241
"75","31109010401","Census Tract 104.01; Lancaster County; Nebraska",4651,448,103573,6620,4513,443,8,12,0,10,0,10,0,10,58,43,4651,448,list(c(-96.690292, -96.690247, -96.69021, -96.688484, -96.688173, -96.682335, -96.681469, -96.680972, -96.644407, -96.628523, -96.622735, -96.615818, -96.606282, -96.572059, -96.572295, -96.5723, -96.57231, -96.572505, -96.572356, -96.57241, -96.572531, -96.591221, -96.591161, -96.591914, -96.591804, -96.686259, -96.686911, -96.685796, -96.685974, -96.690599, -96.690292, 40.693767, 40.695715, 40.697386, 40.697384, 40.697383, 40.697377, 40.697377, 40.697376, 40.697333, 40.697315, 40.697305, 40.697295, 
40.697279, 40.697215, 40.684445, 40.683287, 40.676044, 40.668799, 40.64717, 40.639942, 40.618218, 40.618235, 40.610991, 40.596147, 40.581675, 40.581308, 40.610299, 40.679215, 40.679218, 40.679282, 40.693767)),97.0328961513653,0.172006020210707,0,0,0,1.24704364652763
"76","31109002200","Census Tract 22; Lancaster County; Nebraska",5678,841,64050,12628,3401,707,569,343,59,49,157,205,0,15,1225,569,5678,841,list(c(-96.72512, -96.723376, -96.723627, -96.717413, -96.716331, -96.714217, -96.708581, -96.7071, -96.702635, -96.701399, -96.69684, -96.696654, -96.696745, -96.696827, -96.699205, -96.706269, -96.707118, -96.712927, -96.715492, -96.723999, -96.72512, 40.788146, 40.797718, 40.799113, 40.798892, 40.798946, 40.799239, 40.79922, 40.799214, 40.799198, 40.799194, 40.799179, 40.799135, 40.791757, 40.78447, 40.784477, 40.784555, 40.78464, 40.784761, 40.785456, 40.787959, 40.788146)),59.8978513561113,10.0211342021839,1.03909827404015,2.76505811905601,0,21.5744980626981
"77","31109003728","Census Tract 37.28; Lancaster County; Nebraska",4812,763,82283,18778,3909,768,118,104,8,14,249,248,0,10,270,183,4812,763,list(c(-96.60689, -96.605493, -96.60478, -96.602891, -96.603584, -96.605492, -96.605596, -96.605404, -96.605354, -96.605346, -96.60513, -96.60378, -96.605146, -96.605367, -96.598273, -96.575234, -96.573335, -96.570024, -96.567143, -96.567476, -96.567443, -96.567479, -96.567506, -96.56763, -96.57422, -96.586887, -96.601174, -96.605949, -96.605933, -96.605912, -96.605793, -96.605716, -96.605706, -96.605667, -96.60565, -96.605591, -96.605762, -96.60689, 40.875027, 40.875765, 40.876138, 40.877121, 40.87771, 
40.878053, 40.878335, 40.881954, 40.885144, 40.885571, 40.888571, 40.890488, 40.893252, 40.897127, 40.89699, 40.897773, 40.897697, 40.896922, 40.895844, 40.894161, 40.89157, 40.88526, 40.870863, 40.827493, 40.827616, 40.82784, 40.827975, 40.828009, 40.835308, 40.8426, 40.851578, 40.857091, 40.85811, 40.862328, 40.864306, 40.871096, 40.87355, 40.875027)),81.2344139650873,2.45220282626766,0.166251039068994,5.17456359102244,0,5.61097256857855
"78","31109002100","Census Tract 21; Lancaster County; Nebraska",2483,417,44412,7184,1544,361,22,24,30,33,136,120,0,10,631,170,2483,417,list(c(-96.724149, -96.724359, -96.723505, -96.723116, -96.713891, -96.708479, -96.708502, -96.708514, -96.708541, -96.708581, -96.714217, -96.716331, -96.717413, -96.723627, -96.72527, -96.724149, 40.804399, 40.80658, 40.807466, 40.813711, 40.813688, 40.813671, 40.809212, 40.806956, 40.803666, 40.79922, 40.799239, 40.798946, 40.798892, 40.799113, 40.802473, 40.804399)),62.1828433346758,0.886024969794603,1.20821586790173,5.47724526782118,0,25.4128070881998
"79","31109003104","Census Tract 31.04; Lancaster County; Nebraska",5693,912,53247,9147,3620,657,210,139,62,53,110,94,0,15,1409,441,5693,912,list(c(-96.745845, -96.742946, -96.739726, -96.739452, -96.732825, -96.728741, -96.72097, -96.719805, -96.720264, -96.720311, -96.720332, -96.720167, -96.720338, -96.720225, -96.720335, -96.720356, -96.720401, -96.730462, -96.73197, -96.737459, -96.744768, -96.745845, 40.83182, 40.835753, 40.839133, 40.839389, 40.845989, 40.850069, 40.857832, 40.857149, 40.856626, 40.848449, 40.84406, 40.843523, 40.843387, 40.843207, 40.842825, 40.839414, 40.831928, 40.829793, 40.829674, 40.830079, 40.831195, 40.83182
)),63.586861057439,3.68874055858071,1.08905673634288,1.93219743544704,0,24.7496926049535
"80","31109010202","Census Tract 102.02; Lancaster County; Nebraska",4639,363,105606,14138,4353,380,7,17,0,10,136,129,4,9,68,60,4639,363,list(c(-96.91094, -96.908507, -96.906551, -96.903322, -96.881917, -96.87787, -96.870473, -96.860781, -96.852702, -96.825952, -96.812936, -96.795561, -96.793781, -96.701261, -96.699861, -96.697613, -96.681403, -96.681372, -96.681366, -96.681364, -96.681361, -96.681355, -96.681352, -96.681342, -96.681336, -96.681649, -96.681754, -96.681033, -96.681811, -96.682519, -96.687616, -96.691394, -96.69636, -96.701035, -96.701024, -96.700911, -96.719893, -96.739127, -96.748758, -96.758383, -96.75833, -96.758988, 
-96.75895, -96.758828, -96.75907, -96.764827, -96.776317, -96.780698, -96.781455, -96.782939, -96.784589, -96.7868, -96.787002, -96.795907, -96.795908, -96.795971, -96.796017, -96.805534, -96.805685, -96.815173, -96.815221, -96.815245, -96.815269, -96.805688, -96.797332, -96.79613, -96.796219, -96.79625, -96.796343, -96.796299, -96.796333, -96.796422, -96.79655, -96.824514, -96.834794, -96.84441, -96.853897, -96.863443, -96.910751, -96.910757, -96.910658, -96.910619, -96.910616, -96.910559, -96.910528, 
-96.910495, -96.910505, -96.910516, -96.910535, -96.910545, -96.91056, -96.910599, -96.910599, -96.910645, -96.910666, -96.910678, -96.910689, -96.910777, -96.91094, 41.046116, 41.046091, 41.046096, 41.04609, 41.046046, 41.045775, 41.046054, 41.045891, 41.046028, 41.045953, 41.045908, 41.045885, 41.045894, 41.045707, 41.045834, 41.045691, 41.045657, 41.002006, 40.994755, 40.991152, 40.987529, 40.980281, 40.976648, 40.965768, 40.95861, 40.915068, 40.90112, 40.896419, 40.8933, 40.893306, 40.893341, 
40.893367, 40.893402, 40.893434, 40.894056, 40.900662, 40.900716, 40.900755, 40.900784, 40.900813, 40.883284, 40.880743, 40.880285, 40.879357, 40.879358, 40.879393, 40.879935, 40.880807, 40.881103, 40.879446, 40.878577, 40.875998, 40.8718, 40.871813, 40.871692, 40.864547, 40.857274, 40.857308, 40.857308, 40.857342, 40.850044, 40.846416, 40.842845, 40.842803, 40.842762, 40.842758, 40.831882, 40.828245, 40.817903, 40.808242, 40.799193, 40.790496, 40.784667, 40.784735, 40.784761, 40.784803, 40.784843, 
40.784859, 40.784944, 40.799368, 40.820585, 40.828445, 40.829415, 40.857474, 40.864481, 40.871999, 40.879269, 40.886476, 40.904408, 40.915487, 40.926214, 40.958407, 40.958946, 40.97355, 40.980633, 40.984518, 40.987993, 41.016891, 41.046116)),93.83487820651,0.150894589351153,0,2.93166630739383,0.0862254796292304,1.46583315369692
"81","31109003721","Census Tract 37.21; Lancaster County; Nebraska",3978,346,103250,18004,3214,444,0,10,0,10,210,168,0,10,432,305,3978,346,list(c(-96.625222, -96.62515, -96.624995, -96.618633, -96.61193, -96.606008, -96.60606, -96.606156, -96.618658, -96.625272, -96.625222, 40.77715, 40.784285, 40.784285, 40.784268, 40.78425, 40.784233, 40.779126, 40.769739, 40.76968, 40.769693, 40.77715)),80.7943690296631,0,0,5.2790346907994,0,10.8597285067873
